{
  "project_info": {
    "project_number": "959270187689",
    "project_id": "agenda-6c504",
    "storage_bucket": "agenda-6c504.firebasestorage.app"
  },
  "client": [
    {
      "client_info": {
        "mobilesdk_app_id": "1:959270187689:android:67297ae2c9d0acc08eafb8",
        "android_client_info": {
          "package_name": "com.pmdm.agenda"
        }
      },
      "oauth_client": [],
      "api_key": [
        {
          "current_key": "AIzaSyBpUdTsWT2WmblEbp6-xjlfkh04rLASH2c"
        }
      ],
      "services": {
        "appinvite_service": {
          "other_platform_oauth_client": []
        }
      }
    }
  ],
  "configuration_version": "1"
}